[
{"to_linkname": "Chinese Version", "from_title": "Background of Cathay United Bank - Cathay United Bank", "from_url": "https://www.cathayholdings.com/bank/cathaybk/english/eindex.htm", "to_url": "https://www.cathayholdings.com/bank/cathaybk/index.asp"},
{"to_linkname": "\u570b\u6cf0\u91d1\u63a7", "from_title": "\u5176\u4ed6\u5916\u532f\u670d\u52d9-DBU\u6536\u8cbb\u6a19\u6e96-\u570b\u6cf0\u4e16\u83ef\u9280\u884c", "from_url": "https://www.cathayholdings.com/bank/cathaybk/exchange/others-dbu.asp", "to_url": "https://www.cathayholdings.com/holdings"},
{"to_linkname": "\u570b\u6cf0\u91d1\u63a7", "from_title": "\u5c0a\u8cb4\u7406\u8ca1\u4ecb\u7d39 - \u570b\u6cf0\u4e16\u83ef\u9280\u884c \u8ca1\u5bcc\u7ba1\u7406", "from_url": "https://www.cathayholdings.com/bank/cathaybk/vip/myvip_1_1_1.asp", "to_url": "https://www.cathayholdings.com/holdings"},
{"to_linkname": "\u570b\u6cf0\u91d1\u63a7", "from_title": "\u570b\u6cf0\u4e16\u83ef\u9280\u884c \u7522\u96aa\u5546\u54c1\u5c08\u5340", "from_url": "https://www.cathayholdings.com/bank/cathaybk/insurance/index.asp", "to_url": "https://www.cathayholdings.com/holdings"},
{"to_linkname": "\u570b\u6cf0\u91d1\u63a7", "from_title": "OBU\u696d\u52d9-\u570b\u6cf0\u4e16\u83ef\u9280\u884c", "from_url": "https://www.cathayholdings.com/bank/cathaybk/obu/index_personal.asp", "to_url": "https://www.cathayholdings.com/holdings"},
{"to_linkname": "\u570b\u6cf0\u91d1\u63a7", "from_title": "\u570b\u6cf0\u4e16\u83ef\u9280\u884c", "from_url": "https://www.cathayholdings.com/bank/cathaybk/exchange/index.asp", "to_url": "https://www.cathayholdings.com/holdings"},
{"to_linkname": "\u570b\u6cf0\u91d1\u63a7", "from_title": "\u5916\u5e63\u7968\u64da\u8cb7\u5165\u53ca\u8a17\u6536-\u570b\u6cf0\u4e16\u83ef\u9280\u884c", "from_url": "https://www.cathayholdings.com/bank/cathaybk/exchange/checks.asp", "to_url": "https://www.cathayholdings.com/holdings"},
{"to_linkname": "\u570b\u6cf0\u91d1\u63a7", "from_title": "\u570b\u6cf0\u4e16\u83ef\u9280\u884c\u9996\u9801", "from_url": "https://www.cathayholdings.com/bank/cathaybk/Online_Confirm_Srarch_Card.asp", "to_url": "https://www.cathayholdings.com/holdings"},
{"to_linkname": "Chinese Version", "from_title": "Internet Banking - Cathay United Bank", "from_url": "https://www.cathayholdings.com/bank/cathaybk/english/sub5.asp", "to_url": "https://www.cathayholdings.com/bank/cathaybk/index.asp"},
{"to_linkname": "Chinese Version", "from_title": "Contact us - Cathay United Bank", "from_url": "https://www.cathayholdings.com/bank/cathaybk/english/EN_Index.asp", "to_url": "https://www.cathayholdings.com/bank/cathaybk/index.asp"},
{"to_linkname": "\u570b\u6cf0\u91d1\u63a7", "from_title": "\u5916\u532f\u670d\u52d9/\u5916\u5e63\u532f\u7387-\u570b\u6cf0\u4e16\u83ef\u9280\u884c", "from_url": "https://www.cathayholdings.com/bank/cathaybk/exchange/currency-billboard.asp", "to_url": "https://www.cathayholdings.com/holdings"},
{"to_linkname": "\u570b\u6cf0\u91d1\u63a7", "from_title": "\u570b\u6cf0\u4e16\u83ef\u9280\u884c \u58fd\u96aa\u5546\u54c1\u5c08\u5340-\u570b\u6cf0\u4eba\u58fd", "from_url": "https://www.cathayholdings.com/bank/cathaybk/life/index.asp", "to_url": "https://www.cathayholdings.com/holdings"},
{"to_linkname": "\u570b\u6cf0\u91d1\u63a7", "from_title": "\u570b\u6cf0\u4e16\u83ef\u884c\u52d5\u9280\u884c \u7e73\u7a05\u9748\u6d3b\u91d1  \u8b93\u60a8\u77012\u5343 \u6d3b\u52d5\u767b\u9304\u518d\u62bd\u5927\u734e", "from_url": "https://www.cathayholdings.com/bank/cathaybk/loan/event/2016/201604tax/index.asp", "to_url": "https://www.cathayholdings.com/holdings"},
{"to_linkname": "Chinese Version", "from_title": "Financial Highlights - Cathay United Bank", "from_url": "https://www.cathayholdings.com/bank/cathaybk/english/sub3.asp", "to_url": "https://www.cathayholdings.com/bank/cathaybk/index.asp"},
{"to_linkname": "Chinese Version", "from_title": "Deposit insurance and rights for the depositor - Cathay United Bank", "from_url": "https://www.cathayholdings.com/bank/cathaybk/english/about_Depositor.asp", "to_url": "https://www.cathayholdings.com/bank/cathaybk/index.asp"},
{"to_linkname": "\u570b\u6cf0\u91d1\u63a7", "from_title": "\u570b\u6cf0\u4e16\u83ef\u5546\u696d\u9280\u884c\u80a1\u4efd\u6709\u9650\u516c\u53f8\u74b0\u5883\u66a8\u80fd\u6e90\u653f\u7b56", "from_url": "https://www.cathayholdings.com/bank/Cathaybk/index_environment.asp", "to_url": "https://www.cathayholdings.com/holdings"},
{"to_linkname": "\u570b\u6cf0\u91d1\u63a7", "from_title": "\u570b\u6cf0\u4e16\u83ef\u9280\u884c\u9996\u9801", "from_url": "https://www.cathayholdings.com/bank/cathaybk/Online_Confirm_Srarch_Acct.asp", "to_url": "https://www.cathayholdings.com/holdings"},
{"to_linkname": "\u570b\u6cf0\u91d1\u63a7", "from_title": "\u5916\u532f\u5b58\u6b3e-\u570b\u6cf0\u4e16\u83ef\u9280\u884c", "from_url": "https://www.cathayholdings.com/bank/cathaybk/exchange/account.asp", "to_url": "https://www.cathayholdings.com/holdings"},
{"to_linkname": "Chinese Version", "from_title": "Frequently asked questions - Cathay United Bank", "from_url": "https://www.cathayholdings.com/bank/cathaybk/english/phone-call_03.asp", "to_url": "https://www.cathayholdings.com/bank/cathaybk/index.asp"},
{"to_linkname": "\u570b\u6cf0\u91d1\u63a7", "from_title": "\u532f\u5165\u532f\u6b3e-\u570b\u6cf0\u4e16\u83ef\u9280\u884c", "from_url": "https://www.cathayholdings.com/bank/cathaybk/exchange/remittance-inward.asp", "to_url": "https://www.cathayholdings.com/holdings"},
{"to_linkname": "\u570b\u6cf0\u91d1\u63a7", "from_title": "\u5c0a\u8cb4\u7406\u8ca1\u4ecb\u7d39 - \u570b\u6cf0\u4e16\u83ef\u9280\u884c \u8ca1\u5bcc\u7ba1\u7406", "from_url": "https://www.cathayholdings.com/bank/cathaybk/vip/myvip_1_1_3.asp", "to_url": "https://www.cathayholdings.com/holdings"},
{"to_linkname": "\u570b\u6cf0\u91d1\u63a7", "from_title": "\u5c0a\u8cb4\u7406\u8ca1\u4ecb\u7d39 - \u570b\u6cf0\u4e16\u83ef\u9280\u884c \u8ca1\u5bcc\u7ba1\u7406", "from_url": "https://www.cathayholdings.com/bank/cathaybk/vip/myvip_1_1_2.asp", "to_url": "https://www.cathayholdings.com/holdings"},
{"to_linkname": "\u570b\u6cf0\u91d1\u63a7", "from_title": "\u7406\u8ca1\u9054\u4eba\u5145\u96fb\u7ad9 - \u570b\u6cf0\u4e16\u83ef\u9280\u884c \u8ca1\u5bcc\u7ba1\u7406", "from_url": "https://www.cathayholdings.com/bank/cathaybk/vip/myvip_4.asp", "to_url": "https://www.cathayholdings.com/holdings"},
{"to_linkname": "\u570b\u6cf0\u91d1\u63a7", "from_title": "\u6b61\u8fce\u5149\u81e8\u570b\u6cf0\u4e16\u83ef\u9280\u884c-\u95dc\u65bc\u6211\u5011-\u8ca1\u52d9\u5831\u544a", "from_url": "https://www.cathayholdings.com/bank/Cathaybk/about_finarpt.asp", "to_url": "https://www.cathayholdings.com/holdings"},
{"to_linkname": "\u570b\u6cf0\u91d1\u63a7", "from_title": "\u6b61\u8fce\u5149\u81e8\u570b\u6cf0\u4e16\u83ef\u9280\u884c-\u95dc\u65bc\u6211\u5011-\u4fe1\u7528\u5361\u8ca1\u52d9\u8cc7\u8a0a", "from_url": "https://www.cathayholdings.com/bank/Cathaybk/about_creditcard.asp", "to_url": "https://www.cathayholdings.com/holdings"},
{"to_linkname": "\u570b\u6cf0\u91d1\u63a7", "from_title": "\u4fdd\u96aa\u9700\u6c42\u5206\u6790 - \u570b\u6cf0\u4e16\u83ef\u9280\u884c \u8ca1\u5bcc\u7ba1\u7406", "from_url": "https://www.cathayholdings.com/bank/cathaybk/vip/myvip_3_03.asp", "to_url": "https://www.cathayholdings.com/holdings"},
{"to_linkname": "Chinese Version", "from_title": "Installation instructions - Cathay United Bank", "from_url": "https://www.cathayholdings.com/bank/cathaybk/english/phone-call_02.asp", "to_url": "https://www.cathayholdings.com/bank/cathaybk/index.asp"},
{"to_linkname": "Chinese Version", "from_title": "User Privacy Policy of the Cathay United Bank Official Website - Cathay United Bank", "from_url": "https://www.cathayholdings.com/bank/cathaybk/english/about_privacy.asp", "to_url": "https://www.cathayholdings.com/bank/cathaybk/index.asp"},
{"to_linkname": "\u570b\u6cf0\u91d1\u63a7", "from_title": "\u6295\u8cc7\u5c6c\u6027\u5206\u6790 - \u570b\u6cf0\u4e16\u83ef\u9280\u884c \u8ca1\u5bcc\u7ba1\u7406", "from_url": "https://www.cathayholdings.com/bank/cathaybk/vip/myvip_3_02.asp", "to_url": "https://www.cathayholdings.com/holdings"},
{"to_linkname": "\u570b\u6cf0\u91d1\u63a7", "from_title": "\u570b\u6cf0\u4e16\u83ef\u9280\u884c\u9996\u9801", "from_url": "https://www.cathayholdings.com/bank/Cathaybk/set-browser.asp", "to_url": "https://www.cathayholdings.com/holdings"},
{"to_linkname": "\u570b\u6cf0\u91d1\u63a7", "from_title": "\u8a66\u7b97\u5c0f\u5e6b\u624b - \u570b\u6cf0\u4e16\u83ef\u9280\u884c \u8ca1\u5bcc\u7ba1\u7406", "from_url": "https://www.cathayholdings.com/bank/Cathaybk/vip/myvip_3_01.asp", "to_url": "https://www.cathayholdings.com/holdings"},
{"to_linkname": "Chinese Version", "from_title": "Domestic and Overseas offices - Cathay United Bank", "from_url": "https://www.cathayholdings.com/bank/cathaybk/english/EN_about_query01.asp", "to_url": "https://www.cathayholdings.com/bank/cathaybk/index.asp"},
{"to_linkname": "\u570b\u6cf0\u91d1\u63a7", "from_title": "\u6b61\u8fce\u5149\u81e8\u570b\u6cf0\u4e16\u83ef\u9280\u884c - \u8ca1\u5bcc\u7ba1\u7406 \u5c0a\u8cb4\u7406\u8ca1", "from_url": "https://www.cathayholdings.com/bank/Cathaybk/vip/myvip_index.asp", "to_url": "https://www.cathayholdings.com/holdings"},
{"to_linkname": "Chinese Version", "from_title": "ATM/Passbook updating machine location - Cathay United Bank", "from_url": "https://www.cathayholdings.com/bank/cathaybk/english/EN_about_query02.asp", "to_url": "https://www.cathayholdings.com/bank/cathaybk/index.asp"},
{"to_linkname": "\u570b\u6cf0\u91d1\u63a7", "from_title": "VIP\u5c08\u5c6c\u7814\u7a76\u5831\u544a - \u570b\u6cf0\u4e16\u83ef\u9280\u884c \u8ca1\u5bcc\u7ba1\u7406", "from_url": "https://www.cathayholdings.com/bank/Cathaybk/vip/myvip_1_02.asp", "to_url": "https://www.cathayholdings.com/holdings"},
{"to_linkname": "\u570b\u6cf0\u91d1\u63a7", "from_title": "\u57fa\u91d1 - \u570b\u6cf0\u4e16\u83ef\u9280\u884c \u8ca1\u5bcc\u7ba1\u7406", "from_url": "https://www.cathayholdings.com/bank/Cathaybk/vip/hotkey_1_1.asp", "to_url": "https://www.cathayholdings.com/holdings"},
{"to_linkname": "Chinese Version", "from_title": "Background of Cathay United Bank - Cathay United Bank", "from_url": "https://www.cathayholdings.com/bank/Cathaybk/english/eindex.htm", "to_url": "https://www.cathayholdings.com/bank/Cathaybk/index.asp"},
{"to_linkname": "\u570b\u6cf0\u91d1\u63a7", "from_title": "\u57fa\u91d1 - \u570b\u6cf0\u4e16\u83ef\u9280\u884c \u8ca1\u5bcc\u7ba1\u7406", "from_url": "https://www.cathayholdings.com/bank/Cathaybk/vip/myvip_2_1_1.asp", "to_url": "https://www.cathayholdings.com/holdings"},
{"to_linkname": "\u570b\u6cf0\u91d1\u63a7", "from_title": "\u6b61\u8fce\u5149\u81e8\u570b\u6cf0\u4e16\u83ef\u9280\u884c", "from_url": "https://www.cathayholdings.com/bank/Cathaybk/about_finarpt91.asp", "to_url": "https://www.cathayholdings.com/holdings"},
{"to_linkname": "Chinese Version", "from_title": "Functions - Cathay United Bank", "from_url": "https://www.cathayholdings.com/bank/cathaybk/english/phone-call_01.asp", "to_url": "https://www.cathayholdings.com/bank/cathaybk/index.asp"},
{"to_linkname": "\u5361\u7247\u4ecb\u7d39", "from_title": "\u6b61\u8fce\u5149\u81e8\u570b\u6cf0\u4e16\u83ef\u9280\u884c-\u821e\u52d5\u7d05\u5229 \u7d05\u5229\u514c\u63db\u5546\u54c1 \u91cc\u7a0b\u514c\u63db", "from_url": "https://www.cathayholdings.com/bank/Cathaybk/card/event/bonus/bonus_2.asp", "to_url": "https://www.cathayholdings.com/bank/cathaybk/card/index.asp"},
{"to_linkname": "\u570b\u6cf0\u91d1\u63a7", "from_title": "\u6211\u8981\u6210\u70baVIP - \u570b\u6cf0\u4e16\u83ef\u9280\u884c \u8ca1\u5bcc\u7ba1\u7406", "from_url": "https://www.cathayholdings.com/bank/Cathaybk/vip/myvip_1_05.asp", "to_url": "https://www.cathayholdings.com/holdings"},
{"to_linkname": "\u570b\u6cf0\u91d1\u63a7", "from_title": "\u65b0\u805e\u767c\u4f48 \u2013 \u570b\u6cf0\u4e16\u83ef\u9280\u884c \u8ca1\u5bcc\u7ba1\u7406", "from_url": "https://www.cathayholdings.com/bank/Cathaybk/vip/myvip_2016_news-1.asp", "to_url": "https://www.cathayholdings.com/holdings"},
{"to_linkname": "\u570b\u6cf0\u91d1\u63a7", "from_title": "\u5c0a\u8cb4\u7406\u8ca1\u4ecb\u7d39 - \u570b\u6cf0\u4e16\u83ef\u9280\u884c \u8ca1\u5bcc\u7ba1\u7406", "from_url": "https://www.cathayholdings.com/bank/Cathaybk/vip/myvip_1_1_1.asp", "to_url": "https://www.cathayholdings.com/holdings"},
{"to_linkname": "\u570b\u6cf0\u91d1\u63a7", "from_title": "\u6b61\u8fce\u5149\u81e8\u570b\u6cf0\u4e16\u83ef\u9280\u884c-\u95dc\u65bc\u6211\u5011-\u91d1\u4fdd\u6cd5\u5c08\u5340", "from_url": "https://www.cathayholdings.com/bank/Cathaybk/about_safe.asp", "to_url": "https://www.cathayholdings.com/holdings"},
{"to_linkname": "\u570b\u6cf0\u91d1\u63a7", "from_title": "\u57fa\u91d1 - \u570b\u6cf0\u4e16\u83ef\u9280\u884c \u8ca1\u5bcc\u7ba1\u7406", "from_url": "https://www.cathayholdings.com/bank/Cathaybk/vip/hotkey_1_4.asp", "to_url": "https://www.cathayholdings.com/holdings"},
{"to_linkname": "\u570b\u6cf0\u91d1\u63a7", "from_title": "\u57fa\u91d1\t-\t\u570b\u6cf0\u4e16\u83ef\u9280\u884c \u8ca1\u5bcc\u7ba1\u7406", "from_url": "https://www.cathayholdings.com/bank/Cathaybk/vip/hotkey_1_2.asp", "to_url": "https://www.cathayholdings.com/holdings"},
{"to_linkname": "Chinese Version", "from_title": "Internet Banking - Cathay United Bank", "from_url": "https://www.cathayholdings.com/bank/Cathaybk/english/sub5.asp", "to_url": "https://www.cathayholdings.com/bank/Cathaybk/index.asp"},
{"to_linkname": "Chinese Version", "from_title": "Contact us - Cathay United Bank", "from_url": "https://www.cathayholdings.com/bank/Cathaybk/english/EN_Index.asp", "to_url": "https://www.cathayholdings.com/bank/Cathaybk/index.asp"},
{"to_linkname": "\u570b\u6cf0\u91d1\u63a7", "from_title": "\u514d\u8cbb\u9810\u7d04\u5176\u4ed6\u8cb8\u6b3e\u8aee\u8a62-\u570b\u6cf0\u4e16\u83ef\u9280\u884c", "from_url": "https://www.cathayholdings.com/bank/cathaybk/other-reserve.asp?stock=", "to_url": "https://www.cathayholdings.com/holdings"},
{"to_linkname": "\u5361\u7247\u4ecb\u7d39", "from_title": "\u6b61\u8fce\u5149\u81e8\u570b\u6cf0\u4e16\u83ef\u9280\u884c-\u6148\u5584\u6350\u6b3e \u6350\u6b3e\u6d41\u7a0b", "from_url": "https://www.cathayholdings.com/bank/cathaybk/card/service/charity/charity2.asp", "to_url": "https://www.cathayholdings.com/bank/cathaybk/card/index.asp"},
{"to_linkname": "\u570b\u6cf0\u91d1\u63a7", "from_title": "\u7406\u8ca1\u9054\u4eba\u5145\u96fb\u7ad9 - \u570b\u6cf0\u4e16\u83ef\u9280\u884c \u8ca1\u5bcc\u7ba1\u7406", "from_url": "https://www.cathayholdings.com/bank/Cathaybk/vip/myvip_4.asp", "to_url": "https://www.cathayholdings.com/holdings"},
{"to_linkname": "\u570b\u6cf0\u91d1\u63a7", "from_title": "\u6b61\u8fce\u5149\u81e8\u570b\u6cf0\u4e16\u83ef\u9280\u884c", "from_url": "https://www.cathayholdings.com/bank/Cathaybk/about_finarpt91_3.asp", "to_url": "https://www.cathayholdings.com/holdings"},
{"to_linkname": "\u570b\u6cf0\u91d1\u63a7", "from_title": "\u516c\u544a\u8207\u8072\u660e - \u570b\u6cf0\u4e16\u83ef\u9280\u884c \u8ca1\u5bcc\u7ba1\u7406", "from_url": "https://www.cathayholdings.com/bank/Cathaybk/vip/myvip_notice.asp", "to_url": "https://www.cathayholdings.com/holdings"},
{"to_linkname": "", "from_title": "\u570b\u6cf0\u4e16\u83ef\u9280\u884c \u8ca1\u5bcc\u7ba1\u7406", "from_url": "https://www.cathayholdings.com/bank/Cathaybk/vip/event/2016/myvip_news201602_01.html", "to_url": "javascript:closeW()"},
{"to_linkname": "\u570b\u6cf0\u91d1\u63a7", "from_title": "\u6b61\u8fce\u5149\u81e8\u570b\u6cf0\u4e16\u83ef\u9280\u884c", "from_url": "https://www.cathayholdings.com/bank/Cathaybk/about_finarpt91_2.asp", "to_url": "https://www.cathayholdings.com/holdings"},
{"to_linkname": "", "from_title": "\u570b\u6cf0\u4e16\u83ef\u9280\u884c \u8ca1\u5bcc\u7ba1\u7406", "from_url": "https://www.cathayholdings.com/bank/Cathaybk/vip/event/2016/myvip_news201604_01.html", "to_url": "javascript:closeW()"},
{"to_linkname": "\u570b\u6cf0\u91d1\u63a7", "from_title": "\u5c0a\u8cb4\u7406\u8ca1\u4ecb\u7d39 - \u570b\u6cf0\u4e16\u83ef\u9280\u884c \u8ca1\u5bcc\u7ba1\u7406", "from_url": "https://www.cathayholdings.com/bank/Cathaybk/vip/myvip_1_1_2.asp", "to_url": "https://www.cathayholdings.com/holdings"},
{"to_linkname": " \u56fa\u5b9a\u6536\u76ca\u50b5\u767c\u884c\u6a5f\u69cb-\u6cd5\u570b\u96fb\u529b\u516c\u53f8\u4fe1\u8a55\u8abf\u964d\u901a\u77e5", "from_title": "\u5168\u7403\u6295\u8cc7\u5feb\u5831", "from_url": "https://www.cathayholdings.com/bank/Cathaybk/trust_importantRPT.htm", "to_url": "https://www.cathayholdings.com/bank/Cathaybk/doc/1050613.pdf"},
{"to_linkname": "Chinese Version", "from_title": "Frequently asked questions - Cathay United Bank", "from_url": "https://www.cathayholdings.com/bank/Cathaybk/english/phone-call_03.asp", "to_url": "https://www.cathayholdings.com/bank/Cathaybk/index.asp"},
{"to_linkname": "\u570b\u6cf0\u91d1\u63a7", "from_title": "\u6b61\u8fce\u5149\u81e8\u570b\u6cf0\u4e16\u83ef\u9280\u884c-\u95dc\u65bc\u6211\u5011-ATM / \u88dc\u647a\u6a5f\u8a2d\u7f6e\u9ede\u67e5\u8a62", "from_url": "https://www.cathayholdings.com/bank/cathaybk/about_query02.asp", "to_url": "https://www.cathayholdings.com/holdings"},
{"to_linkname": "\u570b\u6cf0\u91d1\u63a7", "from_title": "\u6b61\u8fce\u5149\u81e8\u570b\u6cf0\u4e16\u83ef\u9280\u884c-\u5b89\u5168\u8207\u96b1\u79c1-\u570b\u6cf0\u4e16\u83ef\u9280\u884c\u7db2\u7ad9\u96b1\u79c1\u6b0a\u4fdd\u8b77\u653f\u7b56", "from_url": "https://www.cathayholdings.com/bank/cathaybk/about_privacy.asp", "to_url": "https://www.cathayholdings.com/holdings"},
{"to_linkname": "Chinese Version", "from_title": "Installation instructions - Cathay United Bank", "from_url": "https://www.cathayholdings.com/bank/Cathaybk/english/phone-call_02.asp", "to_url": "https://www.cathayholdings.com/bank/Cathaybk/index.asp"},
{"to_linkname": "\u570b\u6cf0\u91d1\u63a7", "from_title": "\u6c7d\u8eca\u8cb8\u6b3e-\u570b\u6cf0\u4e16\u83ef\u9280\u884c", "from_url": "https://www.cathayholdings.com/bank/cathaybk/other-car.asp", "to_url": "https://www.cathayholdings.com/holdings"},
{"to_linkname": "\u5361\u7247\u4ecb\u7d39", "from_title": "\u6b61\u8fce\u5149\u81e8\u570b\u6cf0\u4e16\u83ef\u9280\u884c-\u6148\u5584\u6350\u6b3e \u6350\u6b3e\u6d41\u7a0b", "from_url": "https://www.cathayholdings.com/bank/Cathaybk/card/service/charity/charity2.asp", "to_url": "https://www.cathayholdings.com/bank/cathaybk/card/index.asp"},
{"to_linkname": "\u5361\u7247\u4ecb\u7d39", "from_title": "\u6b61\u8fce\u5149\u81e8\u570b\u6cf0\u4e16\u83ef\u9280\u884c-\u6148\u5584\u6350\u6b3e \u6148\u5584\u6a5f\u69cb\u4ecb\u7d39", "from_url": "https://www.cathayholdings.com/bank/Cathaybk/card/service/charity/charity.asp", "to_url": "https://www.cathayholdings.com/bank/cathaybk/card/index.asp"},
{"to_linkname": "\u570b\u6cf0\u91d1\u63a7", "from_title": "\u70ba\u63d0\u5347\u670d\u52d9\u54c1\u8cea\uff0c\u9280\u884c\u8981\u6c42\u884c\u54e1\u7981\u6b62\u884c\u70ba\u516c\u544a", "from_url": "https://www.cathayholdings.com/bank/Cathaybk/about_news1050526.asp", "to_url": "https://www.cathayholdings.com/holdings"},
{"to_linkname": "\u570b\u6cf0\u91d1\u63a7", "from_title": "\u5c0a\u8cb4\u7406\u8ca1\u4ecb\u7d39 - \u570b\u6cf0\u4e16\u83ef\u9280\u884c \u8ca1\u5bcc\u7ba1\u7406", "from_url": "https://www.cathayholdings.com/bank/Cathaybk/vip/myvip_1_1_3.asp", "to_url": "https://www.cathayholdings.com/holdings"},
{"to_linkname": "\u5361\u7247\u4ecb\u7d39", "from_title": "\u6b61\u8fce\u5149\u81e8\u570b\u6cf0\u4e16\u83ef\u9280\u884c-\u6148\u5584\u6350\u6b3e \u6148\u5584\u6a5f\u69cb\u4ecb\u7d39", "from_url": "https://www.cathayholdings.com/bank/cathaybk/card/service/charity/charity.asp", "to_url": "https://www.cathayholdings.com/bank/cathaybk/card/index.asp"},
{"to_linkname": "Chinese Version", "from_title": "Functions - Cathay United Bank", "from_url": "https://www.cathayholdings.com/bank/Cathaybk/english/phone-call_01.asp", "to_url": "https://www.cathayholdings.com/bank/Cathaybk/index.asp"},
{"to_linkname": "\u570b\u6cf0\u91d1\u63a7", "from_title": "\u516c\u544a\u8207\u8072\u660e - \u570b\u6cf0\u4e16\u83ef\u9280\u884c \u8ca1\u5bcc\u7ba1\u7406", "from_url": "https://www.cathayholdings.com/bank/Cathaybk/vip/myvip_notice_07.asp", "to_url": "https://www.cathayholdings.com/holdings"},
{"to_linkname": "\u570b\u6cf0\u91d1\u63a7", "from_title": "\u6b61\u8fce\u5149\u81e8\u570b\u6cf0\u4e16\u83ef\u9280\u884c-\u95dc\u65bc\u6211\u5011-\u5c0d\u653f\u9ee8\u3001\u5229\u5bb3\u95dc\u4fc2\u4eba\u53ca\u516c\u76ca\u5718\u9ad4\u6240\u70ba\u4e4b\u6350\u8d08\u60c5\u5f62 ", "from_url": "https://www.cathayholdings.com/bank/cathaybk/about_donate.asp", "to_url": "https://www.cathayholdings.com/holdings"},
{"to_linkname": "\u570b\u6cf0\u91d1\u63a7", "from_title": "\u6b61\u8fce\u5149\u81e8\u570b\u6cf0\u4e16\u83ef\u9280\u884c-\u5b89\u5168\u8207\u96b1\u79c1-\u5ba2\u6236\u6b0a\u76ca\u624b\u518a", "from_url": "https://www.cathayholdings.com/bank/cathaybk/about_personal_privacy.asp", "to_url": "https://www.cathayholdings.com/holdings"},
{"to_linkname": "\u570b\u6cf0\u91d1\u63a7", "from_title": "\u516c\u544a\u8207\u8072\u660e - \u570b\u6cf0\u4e16\u83ef\u9280\u884c \u8ca1\u5bcc\u7ba1\u7406", "from_url": "https://www.cathayholdings.com/bank/Cathaybk/vip/myvip_notice_13.asp", "to_url": "https://www.cathayholdings.com/holdings"},
{"to_linkname": "\u570b\u6cf0\u91d1\u63a7", "from_title": "\u6b61\u8fce\u5149\u81e8\u570b\u6cf0\u4e16\u83ef\u9280\u884c-\u95dc\u65bc\u6211\u5011-\u96f7\u66fc\u5144\u5f1f\u4e8b\u4ef6\u76f8\u95dc\u8aaa\u660e", "from_url": "https://www.cathayholdings.com/bank/cathaybk/personal_news971016.asp", "to_url": "https://www.cathayholdings.com/holdings"},
{"to_linkname": "\u570b\u6cf0\u91d1\u63a7", "from_title": "\u6b61\u8fce\u5149\u81e8\u570b\u6cf0\u4e16\u83ef\u9280\u884c-\u95dc\u65bc\u6211\u5011-\u98a8\u96aa\u8a0a\u606f\u63ed\u9732\u5c08\u5340", "from_url": "https://www.cathayholdings.com/bank/cathaybk/about_risk.asp", "to_url": "https://www.cathayholdings.com/holdings"},
{"to_linkname": "\u570b\u6cf0\u91d1\u63a7", "from_title": "\u6b61\u8fce\u5149\u81e8\u570b\u6cf0\u4e16\u83ef\u9280\u884c-\u5b89\u5168\u8207\u96b1\u79c1-\u6d88\u8cbb\u8005\u4fdd\u8b77\u9632\u8a50\u9a19", "from_url": "https://www.cathayholdings.com/bank/cathaybk/about_cheat.asp", "to_url": "https://www.cathayholdings.com/holdings"},
{"to_linkname": "\u570b\u6cf0\u91d1\u63a7", "from_title": "\u6b61\u8fce\u5149\u81e8\u570b\u6cf0\u4e16\u83ef\u9280\u884c-\u95dc\u65bc\u6211\u5011-ATM\u932f\u8aa4\u8a0a\u606f\u67e5\u8a62", "from_url": "https://www.cathayholdings.com/bank/cathaybk/about_ATM_error_query.asp", "to_url": "https://www.cathayholdings.com/holdings"},
{"to_linkname": "\u570b\u6cf0\u91d1\u63a7", "from_title": "\u6b61\u8fce\u5149\u81e8\u570b\u6cf0\u4e16\u83ef\u9280\u884c-\u95dc\u65bc\u6211\u5011-\u5b58\u6b3e\u4eba\u5b58\u4fdd\u6b0a\u76ca", "from_url": "https://www.cathayholdings.com/bank/cathaybk/about_Depositor.asp", "to_url": "https://www.cathayholdings.com/holdings"},
{"to_linkname": "\u570b\u6cf0\u91d1\u63a7", "from_title": "\u516c\u52d9\u6a5f\u95dc\u67e5\u8a62\u53ca\u89e3\u7e73\u6263\u62bc\u6b3e\u4f5c\u696d\u624b\u7e8c\u8cbb\u6536\u53d6\u6a19\u6e96-\u570b\u6cf0\u4e16\u83ef", "from_url": "https://www.cathayholdings.com/bank/cathaybk/about_public.asp", "to_url": "https://www.cathayholdings.com/holdings"},
{"to_linkname": "", "from_title": "\u570b\u6cf0\u4e16\u83ef\u9280\u884c \u8ca1\u5bcc\u7ba1\u7406", "from_url": "https://www.cathayholdings.com/bank/Cathaybk/vip/event/2016/myvip_news201605_01.html", "to_url": "javascript:closeW()"},
{"to_linkname": "Chinese Version", "from_title": "ATM/Passbook updating machine location - Cathay United Bank", "from_url": "https://www.cathayholdings.com/bank/Cathaybk/english/EN_about_query02.asp", "to_url": "https://www.cathayholdings.com/bank/Cathaybk/index.asp"},
{"to_linkname": "\u570b\u6cf0\u91d1\u63a7", "from_title": "\u6b61\u8fce\u5149\u81e8\u570b\u6cf0\u4e16\u83ef\u9280\u884c-\u95dc\u65bc\u6211\u5011-\u5b9a\u578b\u5316\u5951\u7d04\u5c08\u5340", "from_url": "https://www.cathayholdings.com/bank/cathaybk/about_bond02.asp", "to_url": "https://www.cathayholdings.com/holdings"},
{"to_linkname": "\u570b\u6cf0\u91d1\u63a7", "from_title": "\u6b61\u8fce\u5149\u81e8\u570b\u6cf0\u4e16\u83ef\u9280\u884c-\u95dc\u65bc\u6211\u5011-\u5446\u5e33\u516c\u544a\u5c08\u5340", "from_url": "https://www.cathayholdings.com/bank/cathaybk/about_bad_debt.asp", "to_url": "https://www.cathayholdings.com/holdings"},
{"to_linkname": "\u570b\u6cf0\u91d1\u63a7", "from_title": "\u6b61\u8fce\u5149\u81e8\u570b\u6cf0\u4e16\u83ef\u9280\u884c-\u95dc\u65bc\u6211\u5011-\u4e0d\u826f\u50b5\u6b0a\u552e\u5f8c\u7533\u8a34\u8655\u7406\u7a97\u53e3", "from_url": "https://www.cathayholdings.com/bank/cathaybk/bad.asp", "to_url": "https://www.cathayholdings.com/holdings"},
{"to_linkname": "\u570b\u6cf0\u91d1\u63a7", "from_title": "\u6b61\u8fce\u5149\u81e8\u570b\u6cf0\u4e16\u83ef\u9280\u884c-\u95dc\u65bc\u6211\u5011-\u95dc\u65bc\u53c3\u8207\u96f7\u66fc\u50b5\u6b0a\u4fdd\u5168\u7a0b\u5e8f\u6240\u751f\u8cbb\u7528\u4e4b\u8ca0\u64d4", "from_url": "https://www.cathayholdings.com/bank/cathaybk/personal_news990824.asp", "to_url": "https://www.cathayholdings.com/holdings"},
{"to_linkname": "\u570b\u6cf0\u91d1\u63a7", "from_title": "\u6b61\u8fce\u5149\u81e8\u570b\u6cf0\u4e16\u83ef\u9280\u884c-\u95dc\u65bc\u6211\u5011-\u7f8e\u570b\u96f7\u66fc\u63a7\u80a1\u516c\u53f8\u4e4b\u91cd\u6574\u8a08\u756b\u751f\u6548", "from_url": "https://www.cathayholdings.com/bank/cathaybk/personal_news1010320.asp", "to_url": "https://www.cathayholdings.com/holdings"},
{"to_linkname": "\u570b\u6cf0\u91d1\u63a7", "from_title": "\u6b61\u8fce\u5149\u81e8\u570b\u6cf0\u4e16\u83ef\u9280\u884c", "from_url": "https://www.cathayholdings.com/bank/cathaybk/enterprise_myb2b_safety.asp", "to_url": "https://www.cathayholdings.com/holdings"},
{"to_linkname": "\u570b\u6cf0\u91d1\u63a7", "from_title": "\u6b61\u8fce\u5149\u81e8\u570b\u6cf0\u4e16\u83ef\u9280\u884c-\u95dc\u65bc\u6211\u5011-\u5b9a\u578b\u5316\u5951\u7d04\u5c08\u5340", "from_url": "https://www.cathayholdings.com/bank/cathaybk/about_bond.asp", "to_url": "https://www.cathayholdings.com/holdings"},
{"to_linkname": "\u570b\u6cf0\u91d1\u63a7", "from_title": "\u6b61\u8fce\u5149\u81e8\u570b\u6cf0\u4e16\u83ef\u9280\u884c", "from_url": "https://www.cathayholdings.com/bank/cathaybk/about_risk_104test.asp", "to_url": "https://www.cathayholdings.com/holdings"},
{"to_linkname": "\u570b\u6cf0\u91d1\u63a7", "from_title": "\u6b61\u8fce\u5149\u81e8\u570b\u6cf0\u4e16\u83ef\u9280\u884c", "from_url": "https://www.cathayholdings.com/bank/cathaybk/about_risk_103test.asp", "to_url": "https://www.cathayholdings.com/holdings"},
{"to_linkname": "\u570b\u6cf0\u91d1\u63a7", "from_title": "\u6b61\u8fce\u5149\u81e8\u570b\u6cf0\u4e16\u83ef\u9280\u884c-\u5b89\u5168\u8207\u96b1\u79c1-\u8a50\u9a19\u624b\u6cd5\u7bc4\u4f8b", "from_url": "https://www.cathayholdings.com/bank/cathaybk/about_cheat0950221.asp", "to_url": "https://www.cathayholdings.com/holdings"},
{"to_linkname": "\u570b\u6cf0\u91d1\u63a7", "from_title": "\u6b61\u8fce\u5149\u81e8\u570b\u6cf0\u4e16\u83ef\u9280\u884c", "from_url": "https://www.cathayholdings.com/bank/cathaybk/about_risk_102test.asp", "to_url": "https://www.cathayholdings.com/holdings"}